Headline,URL
UN Security Council backs US Israel-Gaza ceasefire plan,https://www.bbc.com/news/articles/cw448x7lxggo
Four US college instructors stabbed in public park in China,https://www.bbc.com/news/articles/c844q27v732o
'Becoming a totalitarian state': UK judge on why he quit Hong Kong court,https://www.bbc.com/news/articles/c722094n135o
Netanyahu walks tightrope as US urges Gaza ceasefire deal,https://www.bbc.com/news/articles/c511vl9yjwwo
Warning shots from South as NK soldiers cross border,https://www.bbc.com/news/articles/c511ve3051po
Four US college instructors stabbed in public park in China,https://www.bbc.com/news/articles/c844q27v732o
Singapore Airlines turbulence victims offered payouts,https://www.bbc.com/news/articles/cpwwy3wq5p6o
Eight more die as India faces longest heatwave,https://www.bbc.com/news/articles/cz77jkk420lo
"Fire at famous Bangkok market kills 1,000 animals",https://www.bbc.com/news/articles/cw44gm303wro
'Becoming a totalitarian state': UK judge on why he quit Hong Kong court,https://www.bbc.com/news/articles/c722094n135o
BMW China parts probe expanded by US Senate panel,https://www.bbc.com/news/articles/crgg7p95jdgo
"Malawi VP's plane may have crashed in forest, army says",https://www.bbc.com/news/articles/c722vpp1ndro
YouTube prankster elected to European Parliament,https://www.bbc.com/news/articles/c4nnrwr72dqo
Apple brings ChatGPT to iPhones in AI overhaul,https://www.bbc.com/news/articles/c4nn5mejl89o
"Gary Glitter told to pay victim £508,000 damages",https://www.bbc.com/news/articles/cyjjg4ljmkgo
Features and analysis,https://www.bbc.com/news/articles/cpww6w412n7o
Why the EU might be about to make Chinese electric cars more expensive,https://www.bbc.com/news/articles/cpww6w412n7o
A cartoon cat has been vexing China’s censors – now he says they are on his tail,https://www.bbc.com/news/articles/cv2260z4ny6o
"Drugs, alcohol and a gun: Inside Hunter Biden's trial",https://www.bbc.com/news/videos/c7221r0v5q7o
'Becoming a totalitarian state': UK judge on why he quit Hong Kong court,https://www.bbc.com/news/articles/c722094n135o
Why voters fall out of love with liberation movements,https://www.bbc.com/news/articles/c166zlx6354o
A cartoon cat has been vexing China’s censors – now he says they are on his tail,https://www.bbc.com/news/articles/cv2260z4ny6o
Five ways Michael Mosley made us healthier,https://www.bbc.com/news/articles/c1wwv0405wyo
Hardliners dominate Iran presidential candidates,https://www.bbc.com/news/articles/cy66y5xgjqgo
"Drugs, alcohol and a gun: Inside Hunter Biden's trial",https://www.bbc.com/news/videos/c7221r0v5q7o
Most watched,https://www.bbc.com/news/videos/cw00n8ljq97o
Stranded surfer rescued after spelling out 'HELP',https://www.bbc.com/news/videos/cw00n8ljq97o
Watch: Space X Starship makes successful splashdown,https://www.bbc.com/news/articles/cv22w92wvn7o
"Drugs, alcohol and a gun: Inside Hunter Biden's trial",https://www.bbc.com/news/videos/c7221r0v5q7o
Rodeo bull escapes and hurls bystander into the air,https://www.bbc.com/news/videos/cw991neypvjo
One-minute World News,https://www.bbc.com/news/10462520
Also in news,https://www.bbc.com/news/articles/crgg7rnlrylo
Wildfires threaten unique Brazil ecosystem,https://www.bbc.com/news/articles/crgg7rnlrylo
Ten-year-old Taylor Swift fan delighted to be given star's hat,https://www.bbc.com/news/videos/c4nn55jn1ylo
Thousands head to Wales for Pink world tour,https://www.bbc.com/news/articles/c1vvxr031wqo
Three sentenced for racial abuse of Real Madrid star,https://www.bbc.com/sport/football/articles/c977plv56d9o
South Korea to resume loudspeaker broadcasts over border in balloon row,https://www.bbc.com/news/articles/c1rr92dwqnyo
Ten-year-old Taylor Swift fan delighted to be given star's hat,https://www.bbc.com/news/videos/c4nn55jn1ylo
Trump has interview with New York probation officer,https://www.bbc.com/news/articles/c988pvr7w14o
"SA rapper mourns daughter, 9, killed in car crash",https://www.bbc.com/news/articles/cn0024pw1w2o
Thousands head to Wales for Pink world tour,https://www.bbc.com/news/articles/c1vvxr031wqo
Most read,https://www.bbc.com/news/articles/c844q27v732o
Four US college instructors stabbed in public park in China,https://www.bbc.com/news/articles/c844q27v732o
"Fire at famous Bangkok market kills 1,000 animals",https://www.bbc.com/news/articles/cw44gm303wro
Singapore Airlines turbulence victims offered payouts,https://www.bbc.com/news/articles/cpwwy3wq5p6o
"Michael Mosley died of natural causes, police say",https://www.bbc.com/news/articles/c1dd7ekyrpyo
Five ways Michael Mosley made us healthier,https://www.bbc.com/news/articles/c1wwv0405wyo
UN Security Council backs US Israel-Gaza ceasefire plan,https://www.bbc.com/news/articles/cw448x7lxggo
Apple brings ChatGPT to iPhones in AI overhaul,https://www.bbc.com/news/articles/c4nn5mejl89o
'Becoming a totalitarian state': UK judge on why he quit Hong Kong court,https://www.bbc.com/news/articles/c722094n135o
Warning shots from South as NK soldiers cross border,https://www.bbc.com/news/articles/c511ve3051po
Eight more die as India faces longest heatwave,https://www.bbc.com/news/articles/cz77jkk420lo
Sport,https://www.bbc.com/sport/football/live/cjrrlyp4wj9t
Euro 2024 build-up: England arrive and Scotland prepare for Friday's opener,https://www.bbc.com/sport/football/live/cjrrlyp4wj9t
From water carrier to serial winner - Deschamps seeks more history,https://www.bbc.com/sport/football/articles/cedd2k0pl20o
F1 Q&A after Canada: Ricciardo and Sainz future plus Perez at Red Bull,https://www.bbc.com/sport/formula1/articles/cz99q58lmvro
Brazil Paralympian selected for Paris Olympics,https://www.bbc.com/sport/articles/cd11e3dnjqxo
Athlete mums on the importance of pelvic floor health,https://www.bbc.com/sport/videos/cw448vppqk9o
From water carrier to serial winner - Deschamps seeks more history,https://www.bbc.com/sport/football/articles/cedd2k0pl20o
Burrow gave MND community a voice - ex-rugby pro Slater,https://www.bbc.com/sport/articles/c4nnlppej1eo
'Winning these Euros not just down to having the best players',https://www.bbc.com/sport/football/articles/ce99xp9qyw0o
F1 Q&A after Canada: Ricciardo and Sainz future plus Perez at Red Bull,https://www.bbc.com/sport/formula1/articles/cz99q58lmvro
